{
    "applinks": {
        "details": [
            {
                "appIDs": [
                    "7FY8G6QYKD.com.dfinity.ii-expo-example"
                ],
                "components": [
                    {
                        "/": "*",
                        "comment": "Matches all routes"
                    }
                ]
            }
        ]
    },
    "activitycontinuation": {
        "apps": [
            "7FY8G6QYKD.com.dfinity.ii-expo-example"
        ]
    },
    "webcredentials": {
        "apps": [
            "7FY8G6QYKD.com.dfinity.ii-expo-example"
        ]
    }
}
